Model,Search Type,PCA Used,Best Parameters,Best CV F1,Train Accuracy,Test Accuracy,Train Precision,Test Precision,Train Recall,Test Recall,Train F1,Test F1,Train ROC-AUC,Test ROC-AUC,Fit/Search Time (s),Train Predict Time (s),Test Predict Time (s),Total Runtime (s),Dataset
Logistic Regression,grid,False,"{'model__C': 0.1, 'model__penalty': 'l2', 'model__solver': 'liblinear'}",1.0,1.0,1.0,1.0,1.0,1.0,1.0,1.0,1.0,1.0,1.0,253.7178339958191,0.9942226409912109,0.8829054832458496,255.59496212005615,Aligned
Logistic Regression,grid,False,"{'model__C': 0.1, 'model__penalty': 'l2', 'model__solver': 'liblinear'}",0.9999479573250065,0.9999479491984177,1.0,0.9998959092328511,1.0,1.0,1.0,0.9999479519075626,1.0,1.0,1.0,219.66660141944885,0.7003333568572998,0.745431661605835,221.112366437912,Flocking
Logistic Regression,grid,False,"{'model__C': 0.1, 'model__penalty': 'l2', 'model__solver': 'liblinear'}",0.9999305989312236,1.0,1.0,1.0,1.0,1.0,1.0,1.0,1.0,1.0,1.0,238.16425251960754,0.8849124908447266,0.8074057102203369,239.8565707206726,Grouped
RidgeClassifier,grid,False,{'model__alpha': 10.0},1.0,1.0,1.0,1.0,1.0,1.0,1.0,1.0,1.0,1.0,1.0,101.87838244438171,0.5386300086975098,0.17530059814453125,102.59231305122375,Aligned
RidgeClassifier,grid,False,{'model__alpha': 1.0},0.9996877926791283,0.9997397459920883,1.0,0.9994797627718239,1.0,1.0,1.0,0.9997398137066139,1.0,0.9999999891628563,1.0,101.19858241081238,0.4767262935638428,0.19854164123535156,101.87385034561157,Flocking
RidgeClassifier,grid,False,{'model__alpha': 10.0},0.9998611978624471,0.9999479491984177,1.0,0.9998612267554815,1.0,1.0,1.0,0.9999306085629034,1.0,1.0,1.0,104.48360991477966,0.45728516578674316,0.16220903396606445,105.10310411453247,Grouped
